suite,experiment,checkpoint,model_size,resolution,condition,eval_split,action_sampler,num_samples,num_repeat_eval,topk,opt_steps,max_eval_samples,ate,rpe_trans,pos_error,yaw_error,total_time,source_path
scand128_b_notext_0030000_full_n32,nwm_cdit_b_recon_128,0030000,B,128,No Text,full,repeat,32,1,5,1,,1.1355828487051765,0.30028882110432326,1.7803837585449218,0.30386423110961913,4438.02171254158,artifacts/bulk/planning_scand/scand128_b_notext_0030000_full_n32/nwm_cdit_b_recon_128/scand_CEM_repeat_N32_K5_RS1_rep1_OPT1.json
scand128_b_text_dense_0030000_full_n120_rep3,nwm_cdit_b_recon_128_text_dense,0030000,B,128,Text,full,repeat,120,3,5,1,,1.1603876324053075,0.3064243535805684,1.8433985900878906,0.25651723861694337,19624.48587822914,artifacts/bulk/planning_scand/scand128_b_text_dense_0030000_full_n120_rep3/nwm_cdit_b_recon_128_text_dense/scand_CEM_repeat_N120_K5_RS1_rep3_OPT1.json
scand128_b_text_dense_0030000_full_n32,nwm_cdit_b_recon_128_text_dense,0030000,B,128,Text,full,repeat,32,1,5,1,,1.2110472254715872,0.31578368006437996,1.929051513671875,0.33121959686279295,4273.155830860138,artifacts/bulk/planning_scand/scand128_b_text_dense_0030000_full_n32/nwm_cdit_b_recon_128_text_dense/scand_CEM_repeat_N32_K5_RS1_rep1_OPT1.json
scand128_b_text_dense_0030000_smoke_n120_rep3_ada,nwm_cdit_b_recon_128_text_dense,0030000,B,128,Text,smoke,repeat,120,3,5,1,10,0.792432507232681,0.23536376316655008,1.2062376022338868,0.5334301948547363,1938.5077030658722,artifacts/bulk/planning_scand/scand128_b_text_dense_0030000_smoke_n120_rep3_ada/nwm_cdit_b_recon_128_text_dense/scand_CEM_repeat_N120_K5_RS1_rep3_OPT1.json
scand128_heldout80_repeat_n32,nwm_cdit_s_recon_128,0030000,S,128,No Text,heldout,repeat,32,1,5,1,20,2.794032510917835,0.6093572569079482,4.540770721435547,0.6150112152099609,529.6648261547089,artifacts/bulk/planning_scand/scand128_heldout80_repeat_n32/nwm_cdit_s_recon_128/scand_CEM_repeat_N32_K5_RS1_rep1_OPT1.json
scand128_heldout80_seq_n32,nwm_cdit_s_recon_128,0030000,S,128,No Text,heldout,sequence,32,1,5,1,20,2.04880738516331,0.522351328317779,3.3519527435302736,0.4730710029602051,895.104777097702,artifacts/bulk/planning_scand/scand128_heldout80_seq_n32/nwm_cdit_s_recon_128/scand_CEM_seq_N32_K5_RS1_rep1_OPT1.json
scand128_heldout80_seq_n32_lc_train80_w0p1,nwm_cdit_s_recon_128,0030000,S,128,No Text,heldout,sequence,32,1,5,1,20,2.0850312272407225,0.5199868983426079,3.4039737701416017,0.5525404930114746,977.2394669055939,artifacts/bulk/planning_scand/scand128_heldout80_seq_n32_lc_train80_w0p1/nwm_cdit_s_recon_128/scand_CEM_seq_N32_K5_RS1_rep1_OPT1_LC0p1.json
scand128_s_0055000,nwm_cdit_s_recon_128,0055000,S,128,No Text,full,sequence,16,1,4,1,10,1.0291070355471548,0.3194134301255674,1.5260419845581055,0.6839568614959717,472.78386998176575,artifacts/bulk/planning_scand/scand128_s_0055000/nwm_cdit_s_recon_128/scand_CEM_N16_K4_RS1_rep1_OPT1.json
scand128_s_0055000,nwm_cdit_s_recon_128,0055000,S,128,No Text,full,sequence,32,1,5,1,10,0.9295852834569315,0.3056962936682309,1.3863276481628417,0.6048840999603271,473.8719370365143,artifacts/bulk/planning_scand/scand128_s_0055000/nwm_cdit_s_recon_128/scand_CEM_N32_K5_RS1_rep1_OPT1.json
scand128_s_notext_0030000_full_n32,nwm_cdit_s_recon_128,0030000,S,128,No Text,full,sequence,32,1,5,1,,1.0840347784583197,0.34324811958337614,1.6825038146972657,0.4536785888671875,4717.7447690963745,artifacts/bulk/planning_scand/scand128_s_notext_0030000_full_n32/nwm_cdit_s_recon_128/scand_CEM_N32_K5_RS1_rep1_OPT1.json
scand128_s_notext_0030000_repeat_n32_smoke,nwm_cdit_s_recon_128,0030000,S,128,No Text,smoke,repeat,32,1,5,1,10,0.8263437917370403,0.24242860067842256,1.246870994567871,0.6556543827056884,413.34989047050476,artifacts/bulk/planning_scand/scand128_s_notext_0030000_repeat_n32_smoke/nwm_cdit_s_recon_128/scand_CEM_repeat_N32_K5_RS1_rep1_OPT1.json
scand128_s_notext_0030000_seq_n32_smoke,nwm_cdit_s_recon_128,0030000,S,128,No Text,smoke,sequence,32,1,5,1,10,0.8472386445461944,0.308805872371279,1.2508658409118651,0.6554505825042725,419.599014043808,artifacts/bulk/planning_scand/scand128_s_notext_0030000_seq_n32_smoke/nwm_cdit_s_recon_128/scand_CEM_seq_N32_K5_RS1_rep1_OPT1.json
scand128_s_notext_0030000_seq_n64_opt2_sm10_smoke,nwm_cdit_s_recon_128,0030000,S,128,No Text,smoke,sequence,64,1,8,2,10,0.9034509740465501,0.28099621618580034,1.3016996383666992,0.4485135078430176,892.2274997234344,artifacts/bulk/planning_scand/scand128_s_notext_0030000_seq_n64_opt2_sm10_smoke/nwm_cdit_s_recon_128/scand_CEM_seq_N64_K8_RS1_rep1_OPT2_SM10.json
scand128_s_notext_0030000_seq_n64_opt2_smoke,nwm_cdit_s_recon_128,0030000,S,128,No Text,smoke,sequence,64,1,8,2,10,1.0175414519153516,0.3185357700380238,1.5249312400817872,0.5320188522338867,630.1769781112671,artifacts/bulk/planning_scand/scand128_s_notext_0030000_seq_n64_opt2_smoke/nwm_cdit_s_recon_128/scand_CEM_seq_N64_K8_RS1_rep1_OPT2.json
scand128_s_text_dense_0030000_full_n32,nwm_cdit_s_recon_128_text_dense,0030000,S,128,Text,full,sequence,32,1,5,1,,1.101040468263575,0.3548409689509572,1.730328369140625,0.4499635696411133,4424.2503135204315,artifacts/bulk/planning_scand/scand128_s_text_dense_0030000_full_n32/nwm_cdit_s_recon_128_text_dense/scand_CEM_N32_K5_RS1_rep1_OPT1.json
scand128_seq_learned_cost_smoke,nwm_cdit_s_recon_128,0030000,S,128,No Text,smoke,sequence,8,1,3,1,10,0.9815004616933883,0.3292290665956002,1.4088749885559082,0.5411128997802734,391.5778896808624,artifacts/bulk/planning_scand/scand128_seq_learned_cost_smoke/nwm_cdit_s_recon_128/scand_CEM_seq_N8_K3_RS1_rep1_OPT1_LC0p1.json
scand128_seq_n32_lc20s_w0p1_smoke,nwm_cdit_s_recon_128,0030000,S,128,No Text,smoke,sequence,32,1,5,1,10,0.988875024503117,0.30962506581505217,1.4626555442810059,0.5102122306823731,454.11865234375,artifacts/bulk/planning_scand/scand128_seq_n32_lc20s_w0p1_smoke/nwm_cdit_s_recon_128/scand_CEM_seq_N32_K5_RS1_rep1_OPT1_LC0p1.json
scand128_text_dense_0030000,nwm_cdit_s_recon_128_text_dense,0030000,S,128,Text,full,sequence,32,1,5,1,10,0.9175553353565586,0.29851824673367877,1.3338509559631349,0.5706199169158935,447.8190031051636,artifacts/bulk/planning_scand/scand128_text_dense_0030000/nwm_cdit_s_recon_128_text_dense/scand_CEM_N32_K5_RS1_rep1_OPT1.json
scand224_b_notext_0100000_full_n120_rep3,nwm_cdit_b,0100000,B,224,No Text,full,repeat,120,3,5,1,,1.0045401390986008,0.27747085540783123,1.5188168334960936,0.19768367767333983,52611.05542755127,artifacts/bulk/planning_scand/scand224_b_notext_0100000_full_n120_rep3/nwm_cdit_b/scand_CEM_repeat_N120_K5_RS1_rep3_OPT1.json
scand224_b_notext_0100000_full_n32,nwm_cdit_b,0100000,B,224,No Text,full,repeat,32,1,5,1,,1.1776811638170348,0.30752724350519545,1.8374343872070313,0.3387713623046875,11493.099174976349,artifacts/bulk/planning_scand/scand224_b_notext_0100000_full_n32/nwm_cdit_b/scand_CEM_repeat_N32_K5_RS1_rep1_OPT1.json
scand224_b_notext_0100000_smoke_n120_rep3,nwm_cdit_b,0100000,B,224,No Text,smoke,repeat,120,3,5,1,10,0.9122333190485084,0.24724440982168155,1.2862236022949218,0.46041159629821776,12123.213640928268,artifacts/bulk/planning_scand/scand224_b_notext_0100000_smoke_n120_rep3/nwm_cdit_b/scand_CEM_repeat_N120_K5_RS1_rep3_OPT1.json
scand224_b_text_dense_0030000_full_n120_rep3,nwm_cdit_b_recon_raw_text_dense,0030000,B,224,Text,full,repeat,120,3,5,1,,1.1323309114872346,0.30378977485091974,1.814144287109375,0.2335843849182129,52109.789962768555,artifacts/bulk/planning_scand/scand224_b_text_dense_0030000_full_n120_rep3/nwm_cdit_b_recon_raw_text_dense/scand_CEM_repeat_N120_K5_RS1_rep3_OPT1.json
scand224_b_text_dense_0030000_full_n32,nwm_cdit_b_recon_raw_text_dense,0030000,B,224,Text,full,repeat,32,1,5,1,,1.1146061359451447,0.2969448563634807,1.7521664428710937,0.23867444992065429,11860.839169740677,artifacts/bulk/planning_scand/scand224_b_text_dense_0030000_full_n32/nwm_cdit_b_recon_raw_text_dense/scand_CEM_repeat_N32_K5_RS1_rep1_OPT1.json
scand224_s_notext_0100000_full_n32,nwm_cdit_s,0100000,S,224,No Text,full,sequence,32,1,5,1,,1.0621763993222901,0.35094814220055004,1.68388427734375,0.42714866638183596,4901.098577976227,artifacts/bulk/planning_scand/scand224_s_notext_0100000_full_n32/nwm_cdit_s/scand_CEM_N32_K5_RS1_rep1_OPT1.json
scand224_s_text_dense_0030000_full_n32,nwm_cdit_s_recon_raw_text_dense,0030000,S,224,Text,full,sequence,32,1,5,1,,1.1396817799984533,0.35522330784536377,1.791989288330078,0.5677387619018555,5084.681036233902,artifacts/bulk/planning_scand/scand224_s_text_dense_0030000_full_n32/nwm_cdit_s_recon_raw_text_dense/scand_CEM_N32_K5_RS1_rep1_OPT1.json
scand64_b_notext_0030000_full_n32,nwm_cdit_b_recon_64,0030000,B,64,No Text,full,repeat,32,1,5,1,,1.2128097371076025,0.3150336966093279,1.9078182983398437,0.34502655029296875,4209.189848423004,artifacts/bulk/planning_scand/scand64_b_notext_0030000_full_n32/nwm_cdit_b_recon_64/scand_CEM_repeat_N32_K5_RS1_rep1_OPT1.json
scand64_b_text_dense_0030000_full_n32,nwm_cdit_b_recon_64_text_dense,0030000,B,64,Text,full,repeat,32,1,5,1,,1.2884239235038377,0.3251897713705582,2.047213592529297,0.38043430328369143,3345.279871702194,artifacts/bulk/planning_scand/scand64_b_text_dense_0030000_full_n32/nwm_cdit_b_recon_64_text_dense/scand_CEM_repeat_N32_K5_RS1_rep1_OPT1.json
scand64_s_notext_0030000_full_n32,nwm_cdit_s_recon_64,0030000,S,64,No Text,full,repeat,32,1,5,1,,1.2937210091407159,0.32806593236364157,2.0630233764648436,0.3663180923461914,2339.5998826026917,artifacts/bulk/planning_scand/scand64_s_notext_0030000_full_n32/nwm_cdit_s_recon_64/scand_CEM_repeat_N32_K5_RS1_rep1_OPT1.json
scand64_s_text_dense_0030000_full_n32,nwm_cdit_s_recon_64_text_dense,0030000,S,64,Text,full,repeat,32,1,5,1,,1.2244876847617319,0.3155409214214806,1.9316081237792968,0.3503852844238281,2359.7702267169952,artifacts/bulk/planning_scand/scand64_s_text_dense_0030000_full_n32/nwm_cdit_s_recon_64_text_dense/scand_CEM_repeat_N32_K5_RS1_rep1_OPT1.json
