series,step,run_name,metric,horizon,value,source_path
128 No Text,5000,nwm_cdit_b_recon_128_0005000,dreamsim,1s,0.6962079405784607,artifacts/summaries/eval/eval_b_recon_128/nwm_cdit_b_recon_128_0005000/recon_time.json
128 No Text,5000,nwm_cdit_b_recon_128_0005000,dreamsim,2s,0.7000808119773865,artifacts/summaries/eval/eval_b_recon_128/nwm_cdit_b_recon_128_0005000/recon_time.json
128 No Text,5000,nwm_cdit_b_recon_128_0005000,dreamsim,4s,0.7034099102020264,artifacts/summaries/eval/eval_b_recon_128/nwm_cdit_b_recon_128_0005000/recon_time.json
128 No Text,5000,nwm_cdit_b_recon_128_0005000,dreamsim,8s,0.7047819495201111,artifacts/summaries/eval/eval_b_recon_128/nwm_cdit_b_recon_128_0005000/recon_time.json
128 No Text,5000,nwm_cdit_b_recon_128_0005000,dreamsim,16s,0.7059823274612427,artifacts/summaries/eval/eval_b_recon_128/nwm_cdit_b_recon_128_0005000/recon_time.json
128 No Text,5000,nwm_cdit_b_recon_128_0005000,fid,1s,247.72244262695312,artifacts/summaries/eval/eval_b_recon_128/nwm_cdit_b_recon_128_0005000/recon_time.json
128 No Text,5000,nwm_cdit_b_recon_128_0005000,fid,2s,248.18331909179688,artifacts/summaries/eval/eval_b_recon_128/nwm_cdit_b_recon_128_0005000/recon_time.json
128 No Text,5000,nwm_cdit_b_recon_128_0005000,fid,4s,250.3103485107422,artifacts/summaries/eval/eval_b_recon_128/nwm_cdit_b_recon_128_0005000/recon_time.json
128 No Text,5000,nwm_cdit_b_recon_128_0005000,fid,8s,257.863525390625,artifacts/summaries/eval/eval_b_recon_128/nwm_cdit_b_recon_128_0005000/recon_time.json
128 No Text,5000,nwm_cdit_b_recon_128_0005000,fid,16s,252.93386840820312,artifacts/summaries/eval/eval_b_recon_128/nwm_cdit_b_recon_128_0005000/recon_time.json
128 No Text,5000,nwm_cdit_b_recon_128_0005000,lpips,1s,0.6097614765167236,artifacts/summaries/eval/eval_b_recon_128/nwm_cdit_b_recon_128_0005000/recon_time.json
128 No Text,5000,nwm_cdit_b_recon_128_0005000,lpips,2s,0.6087612509727478,artifacts/summaries/eval/eval_b_recon_128/nwm_cdit_b_recon_128_0005000/recon_time.json
128 No Text,5000,nwm_cdit_b_recon_128_0005000,lpips,4s,0.61195969581604,artifacts/summaries/eval/eval_b_recon_128/nwm_cdit_b_recon_128_0005000/recon_time.json
128 No Text,5000,nwm_cdit_b_recon_128_0005000,lpips,8s,0.6136102080345154,artifacts/summaries/eval/eval_b_recon_128/nwm_cdit_b_recon_128_0005000/recon_time.json
128 No Text,5000,nwm_cdit_b_recon_128_0005000,lpips,16s,0.6183436512947083,artifacts/summaries/eval/eval_b_recon_128/nwm_cdit_b_recon_128_0005000/recon_time.json
128 No Text,10000,nwm_cdit_b_recon_128_0010000,dreamsim,1s,0.4533383250236511,artifacts/summaries/eval/eval_b_recon_128/nwm_cdit_b_recon_128_0010000/recon_time.json
128 No Text,10000,nwm_cdit_b_recon_128_0010000,dreamsim,2s,0.45203834772109985,artifacts/summaries/eval/eval_b_recon_128/nwm_cdit_b_recon_128_0010000/recon_time.json
128 No Text,10000,nwm_cdit_b_recon_128_0010000,dreamsim,4s,0.45994290709495544,artifacts/summaries/eval/eval_b_recon_128/nwm_cdit_b_recon_128_0010000/recon_time.json
128 No Text,10000,nwm_cdit_b_recon_128_0010000,dreamsim,8s,0.46965301036834717,artifacts/summaries/eval/eval_b_recon_128/nwm_cdit_b_recon_128_0010000/recon_time.json
128 No Text,10000,nwm_cdit_b_recon_128_0010000,dreamsim,16s,0.4987357556819916,artifacts/summaries/eval/eval_b_recon_128/nwm_cdit_b_recon_128_0010000/recon_time.json
128 No Text,10000,nwm_cdit_b_recon_128_0010000,fid,1s,124.69143676757812,artifacts/summaries/eval/eval_b_recon_128/nwm_cdit_b_recon_128_0010000/recon_time.json
128 No Text,10000,nwm_cdit_b_recon_128_0010000,fid,2s,124.498779296875,artifacts/summaries/eval/eval_b_recon_128/nwm_cdit_b_recon_128_0010000/recon_time.json
128 No Text,10000,nwm_cdit_b_recon_128_0010000,fid,4s,125.57809448242188,artifacts/summaries/eval/eval_b_recon_128/nwm_cdit_b_recon_128_0010000/recon_time.json
128 No Text,10000,nwm_cdit_b_recon_128_0010000,fid,8s,127.62506103515625,artifacts/summaries/eval/eval_b_recon_128/nwm_cdit_b_recon_128_0010000/recon_time.json
128 No Text,10000,nwm_cdit_b_recon_128_0010000,fid,16s,131.8266143798828,artifacts/summaries/eval/eval_b_recon_128/nwm_cdit_b_recon_128_0010000/recon_time.json
128 No Text,10000,nwm_cdit_b_recon_128_0010000,lpips,1s,0.5161275267601013,artifacts/summaries/eval/eval_b_recon_128/nwm_cdit_b_recon_128_0010000/recon_time.json
128 No Text,10000,nwm_cdit_b_recon_128_0010000,lpips,2s,0.5144280195236206,artifacts/summaries/eval/eval_b_recon_128/nwm_cdit_b_recon_128_0010000/recon_time.json
128 No Text,10000,nwm_cdit_b_recon_128_0010000,lpips,4s,0.5218797922134399,artifacts/summaries/eval/eval_b_recon_128/nwm_cdit_b_recon_128_0010000/recon_time.json
128 No Text,10000,nwm_cdit_b_recon_128_0010000,lpips,8s,0.5337398052215576,artifacts/summaries/eval/eval_b_recon_128/nwm_cdit_b_recon_128_0010000/recon_time.json
128 No Text,10000,nwm_cdit_b_recon_128_0010000,lpips,16s,0.5487738251686096,artifacts/summaries/eval/eval_b_recon_128/nwm_cdit_b_recon_128_0010000/recon_time.json
128 No Text,15000,nwm_cdit_b_recon_128_0015000,dreamsim,1s,0.20563006401062012,artifacts/summaries/eval/eval_b_recon_128/nwm_cdit_b_recon_128_0015000/recon_time.json
128 No Text,15000,nwm_cdit_b_recon_128_0015000,dreamsim,2s,0.20798103511333466,artifacts/summaries/eval/eval_b_recon_128/nwm_cdit_b_recon_128_0015000/recon_time.json
128 No Text,15000,nwm_cdit_b_recon_128_0015000,dreamsim,4s,0.21942876279354095,artifacts/summaries/eval/eval_b_recon_128/nwm_cdit_b_recon_128_0015000/recon_time.json
128 No Text,15000,nwm_cdit_b_recon_128_0015000,dreamsim,8s,0.24665699899196625,artifacts/summaries/eval/eval_b_recon_128/nwm_cdit_b_recon_128_0015000/recon_time.json
128 No Text,15000,nwm_cdit_b_recon_128_0015000,dreamsim,16s,0.29217028617858887,artifacts/summaries/eval/eval_b_recon_128/nwm_cdit_b_recon_128_0015000/recon_time.json
128 No Text,15000,nwm_cdit_b_recon_128_0015000,fid,1s,37.290252685546875,artifacts/summaries/eval/eval_b_recon_128/nwm_cdit_b_recon_128_0015000/recon_time.json
128 No Text,15000,nwm_cdit_b_recon_128_0015000,fid,2s,36.855010986328125,artifacts/summaries/eval/eval_b_recon_128/nwm_cdit_b_recon_128_0015000/recon_time.json
128 No Text,15000,nwm_cdit_b_recon_128_0015000,fid,4s,37.24745178222656,artifacts/summaries/eval/eval_b_recon_128/nwm_cdit_b_recon_128_0015000/recon_time.json
128 No Text,15000,nwm_cdit_b_recon_128_0015000,fid,8s,37.475982666015625,artifacts/summaries/eval/eval_b_recon_128/nwm_cdit_b_recon_128_0015000/recon_time.json
128 No Text,15000,nwm_cdit_b_recon_128_0015000,fid,16s,40.72418212890625,artifacts/summaries/eval/eval_b_recon_128/nwm_cdit_b_recon_128_0015000/recon_time.json
128 No Text,15000,nwm_cdit_b_recon_128_0015000,lpips,1s,0.32388705015182495,artifacts/summaries/eval/eval_b_recon_128/nwm_cdit_b_recon_128_0015000/recon_time.json
128 No Text,15000,nwm_cdit_b_recon_128_0015000,lpips,2s,0.33349743485450745,artifacts/summaries/eval/eval_b_recon_128/nwm_cdit_b_recon_128_0015000/recon_time.json
128 No Text,15000,nwm_cdit_b_recon_128_0015000,lpips,4s,0.35993605852127075,artifacts/summaries/eval/eval_b_recon_128/nwm_cdit_b_recon_128_0015000/recon_time.json
128 No Text,15000,nwm_cdit_b_recon_128_0015000,lpips,8s,0.3929586112499237,artifacts/summaries/eval/eval_b_recon_128/nwm_cdit_b_recon_128_0015000/recon_time.json
128 No Text,15000,nwm_cdit_b_recon_128_0015000,lpips,16s,0.4485395550727844,artifacts/summaries/eval/eval_b_recon_128/nwm_cdit_b_recon_128_0015000/recon_time.json
128 No Text,20000,nwm_cdit_b_recon_128_0020000,dreamsim,1s,0.15972250699996948,artifacts/summaries/eval/eval_b_recon_128/nwm_cdit_b_recon_128_0020000/recon_time.json
128 No Text,20000,nwm_cdit_b_recon_128_0020000,dreamsim,2s,0.16643285751342773,artifacts/summaries/eval/eval_b_recon_128/nwm_cdit_b_recon_128_0020000/recon_time.json
128 No Text,20000,nwm_cdit_b_recon_128_0020000,dreamsim,4s,0.17923681437969208,artifacts/summaries/eval/eval_b_recon_128/nwm_cdit_b_recon_128_0020000/recon_time.json
128 No Text,20000,nwm_cdit_b_recon_128_0020000,dreamsim,8s,0.19906288385391235,artifacts/summaries/eval/eval_b_recon_128/nwm_cdit_b_recon_128_0020000/recon_time.json
128 No Text,20000,nwm_cdit_b_recon_128_0020000,dreamsim,16s,0.2517155706882477,artifacts/summaries/eval/eval_b_recon_128/nwm_cdit_b_recon_128_0020000/recon_time.json
128 No Text,20000,nwm_cdit_b_recon_128_0020000,fid,1s,31.201980590820312,artifacts/summaries/eval/eval_b_recon_128/nwm_cdit_b_recon_128_0020000/recon_time.json
128 No Text,20000,nwm_cdit_b_recon_128_0020000,fid,2s,30.763595581054688,artifacts/summaries/eval/eval_b_recon_128/nwm_cdit_b_recon_128_0020000/recon_time.json
128 No Text,20000,nwm_cdit_b_recon_128_0020000,fid,4s,31.562667846679688,artifacts/summaries/eval/eval_b_recon_128/nwm_cdit_b_recon_128_0020000/recon_time.json
128 No Text,20000,nwm_cdit_b_recon_128_0020000,fid,8s,30.964874267578125,artifacts/summaries/eval/eval_b_recon_128/nwm_cdit_b_recon_128_0020000/recon_time.json
128 No Text,20000,nwm_cdit_b_recon_128_0020000,fid,16s,35.80262756347656,artifacts/summaries/eval/eval_b_recon_128/nwm_cdit_b_recon_128_0020000/recon_time.json
128 No Text,20000,nwm_cdit_b_recon_128_0020000,lpips,1s,0.2545391619205475,artifacts/summaries/eval/eval_b_recon_128/nwm_cdit_b_recon_128_0020000/recon_time.json
128 No Text,20000,nwm_cdit_b_recon_128_0020000,lpips,2s,0.2685903012752533,artifacts/summaries/eval/eval_b_recon_128/nwm_cdit_b_recon_128_0020000/recon_time.json
128 No Text,20000,nwm_cdit_b_recon_128_0020000,lpips,4s,0.2984442710876465,artifacts/summaries/eval/eval_b_recon_128/nwm_cdit_b_recon_128_0020000/recon_time.json
128 No Text,20000,nwm_cdit_b_recon_128_0020000,lpips,8s,0.3434339761734009,artifacts/summaries/eval/eval_b_recon_128/nwm_cdit_b_recon_128_0020000/recon_time.json
128 No Text,20000,nwm_cdit_b_recon_128_0020000,lpips,16s,0.4106346070766449,artifacts/summaries/eval/eval_b_recon_128/nwm_cdit_b_recon_128_0020000/recon_time.json
128 No Text,25000,nwm_cdit_b_recon_128_0025000,dreamsim,1s,0.14695346355438232,artifacts/summaries/eval/eval_b_recon_128/nwm_cdit_b_recon_128_0025000/recon_time.json
128 No Text,25000,nwm_cdit_b_recon_128_0025000,dreamsim,2s,0.15656933188438416,artifacts/summaries/eval/eval_b_recon_128/nwm_cdit_b_recon_128_0025000/recon_time.json
128 No Text,25000,nwm_cdit_b_recon_128_0025000,dreamsim,4s,0.16469667851924896,artifacts/summaries/eval/eval_b_recon_128/nwm_cdit_b_recon_128_0025000/recon_time.json
128 No Text,25000,nwm_cdit_b_recon_128_0025000,dreamsim,8s,0.18453633785247803,artifacts/summaries/eval/eval_b_recon_128/nwm_cdit_b_recon_128_0025000/recon_time.json
128 No Text,25000,nwm_cdit_b_recon_128_0025000,dreamsim,16s,0.23358841240406036,artifacts/summaries/eval/eval_b_recon_128/nwm_cdit_b_recon_128_0025000/recon_time.json
128 No Text,25000,nwm_cdit_b_recon_128_0025000,fid,1s,29.72576904296875,artifacts/summaries/eval/eval_b_recon_128/nwm_cdit_b_recon_128_0025000/recon_time.json
128 No Text,25000,nwm_cdit_b_recon_128_0025000,fid,2s,29.732589721679688,artifacts/summaries/eval/eval_b_recon_128/nwm_cdit_b_recon_128_0025000/recon_time.json
128 No Text,25000,nwm_cdit_b_recon_128_0025000,fid,4s,29.773849487304688,artifacts/summaries/eval/eval_b_recon_128/nwm_cdit_b_recon_128_0025000/recon_time.json
128 No Text,25000,nwm_cdit_b_recon_128_0025000,fid,8s,30.553131103515625,artifacts/summaries/eval/eval_b_recon_128/nwm_cdit_b_recon_128_0025000/recon_time.json
128 No Text,25000,nwm_cdit_b_recon_128_0025000,fid,16s,34.242095947265625,artifacts/summaries/eval/eval_b_recon_128/nwm_cdit_b_recon_128_0025000/recon_time.json
128 No Text,25000,nwm_cdit_b_recon_128_0025000,lpips,1s,0.2283782809972763,artifacts/summaries/eval/eval_b_recon_128/nwm_cdit_b_recon_128_0025000/recon_time.json
128 No Text,25000,nwm_cdit_b_recon_128_0025000,lpips,2s,0.24990400671958923,artifacts/summaries/eval/eval_b_recon_128/nwm_cdit_b_recon_128_0025000/recon_time.json
128 No Text,25000,nwm_cdit_b_recon_128_0025000,lpips,4s,0.27762800455093384,artifacts/summaries/eval/eval_b_recon_128/nwm_cdit_b_recon_128_0025000/recon_time.json
128 No Text,25000,nwm_cdit_b_recon_128_0025000,lpips,8s,0.31693822145462036,artifacts/summaries/eval/eval_b_recon_128/nwm_cdit_b_recon_128_0025000/recon_time.json
128 No Text,25000,nwm_cdit_b_recon_128_0025000,lpips,16s,0.3860618472099304,artifacts/summaries/eval/eval_b_recon_128/nwm_cdit_b_recon_128_0025000/recon_time.json
128 No Text,30000,nwm_cdit_b_recon_128_0030000,dreamsim,1s,0.1436987817287445,artifacts/summaries/eval/eval_b_recon_128/nwm_cdit_b_recon_128_0030000/recon_time.json
128 No Text,30000,nwm_cdit_b_recon_128_0030000,dreamsim,2s,0.14943747222423553,artifacts/summaries/eval/eval_b_recon_128/nwm_cdit_b_recon_128_0030000/recon_time.json
128 No Text,30000,nwm_cdit_b_recon_128_0030000,dreamsim,4s,0.1632404327392578,artifacts/summaries/eval/eval_b_recon_128/nwm_cdit_b_recon_128_0030000/recon_time.json
128 No Text,30000,nwm_cdit_b_recon_128_0030000,dreamsim,8s,0.1787348836660385,artifacts/summaries/eval/eval_b_recon_128/nwm_cdit_b_recon_128_0030000/recon_time.json
128 No Text,30000,nwm_cdit_b_recon_128_0030000,dreamsim,16s,0.22864902019500732,artifacts/summaries/eval/eval_b_recon_128/nwm_cdit_b_recon_128_0030000/recon_time.json
128 No Text,30000,nwm_cdit_b_recon_128_0030000,fid,1s,28.668624877929688,artifacts/summaries/eval/eval_b_recon_128/nwm_cdit_b_recon_128_0030000/recon_time.json
128 No Text,30000,nwm_cdit_b_recon_128_0030000,fid,2s,29.3858642578125,artifacts/summaries/eval/eval_b_recon_128/nwm_cdit_b_recon_128_0030000/recon_time.json
128 No Text,30000,nwm_cdit_b_recon_128_0030000,fid,4s,29.580108642578125,artifacts/summaries/eval/eval_b_recon_128/nwm_cdit_b_recon_128_0030000/recon_time.json
128 No Text,30000,nwm_cdit_b_recon_128_0030000,fid,8s,29.412612915039062,artifacts/summaries/eval/eval_b_recon_128/nwm_cdit_b_recon_128_0030000/recon_time.json
128 No Text,30000,nwm_cdit_b_recon_128_0030000,fid,16s,33.6153564453125,artifacts/summaries/eval/eval_b_recon_128/nwm_cdit_b_recon_128_0030000/recon_time.json
128 No Text,30000,nwm_cdit_b_recon_128_0030000,lpips,1s,0.2195248007774353,artifacts/summaries/eval/eval_b_recon_128/nwm_cdit_b_recon_128_0030000/recon_time.json
128 No Text,30000,nwm_cdit_b_recon_128_0030000,lpips,2s,0.24178104102611542,artifacts/summaries/eval/eval_b_recon_128/nwm_cdit_b_recon_128_0030000/recon_time.json
128 No Text,30000,nwm_cdit_b_recon_128_0030000,lpips,4s,0.2701418101787567,artifacts/summaries/eval/eval_b_recon_128/nwm_cdit_b_recon_128_0030000/recon_time.json
128 No Text,30000,nwm_cdit_b_recon_128_0030000,lpips,8s,0.30920979380607605,artifacts/summaries/eval/eval_b_recon_128/nwm_cdit_b_recon_128_0030000/recon_time.json
128 No Text,30000,nwm_cdit_b_recon_128_0030000,lpips,16s,0.37984219193458557,artifacts/summaries/eval/eval_b_recon_128/nwm_cdit_b_recon_128_0030000/recon_time.json
128 No Text,32500,nwm_cdit_b_recon_128_latest,dreamsim,1s,0.14238275587558746,artifacts/summaries/eval/eval_b_recon_128/nwm_cdit_b_recon_128_latest/recon_time.json
128 No Text,32500,nwm_cdit_b_recon_128_latest,dreamsim,2s,0.15134501457214355,artifacts/summaries/eval/eval_b_recon_128/nwm_cdit_b_recon_128_latest/recon_time.json
128 No Text,32500,nwm_cdit_b_recon_128_latest,dreamsim,4s,0.16005872189998627,artifacts/summaries/eval/eval_b_recon_128/nwm_cdit_b_recon_128_latest/recon_time.json
128 No Text,32500,nwm_cdit_b_recon_128_latest,dreamsim,8s,0.17530257999897003,artifacts/summaries/eval/eval_b_recon_128/nwm_cdit_b_recon_128_latest/recon_time.json
128 No Text,32500,nwm_cdit_b_recon_128_latest,dreamsim,16s,0.22028006613254547,artifacts/summaries/eval/eval_b_recon_128/nwm_cdit_b_recon_128_latest/recon_time.json
128 No Text,32500,nwm_cdit_b_recon_128_latest,fid,1s,28.667434692382812,artifacts/summaries/eval/eval_b_recon_128/nwm_cdit_b_recon_128_latest/recon_time.json
128 No Text,32500,nwm_cdit_b_recon_128_latest,fid,2s,29.108474731445312,artifacts/summaries/eval/eval_b_recon_128/nwm_cdit_b_recon_128_latest/recon_time.json
128 No Text,32500,nwm_cdit_b_recon_128_latest,fid,4s,30.077407836914062,artifacts/summaries/eval/eval_b_recon_128/nwm_cdit_b_recon_128_latest/recon_time.json
128 No Text,32500,nwm_cdit_b_recon_128_latest,fid,8s,28.93255615234375,artifacts/summaries/eval/eval_b_recon_128/nwm_cdit_b_recon_128_latest/recon_time.json
128 No Text,32500,nwm_cdit_b_recon_128_latest,fid,16s,33.49043273925781,artifacts/summaries/eval/eval_b_recon_128/nwm_cdit_b_recon_128_latest/recon_time.json
128 No Text,32500,nwm_cdit_b_recon_128_latest,lpips,1s,0.21942588686943054,artifacts/summaries/eval/eval_b_recon_128/nwm_cdit_b_recon_128_latest/recon_time.json
128 No Text,32500,nwm_cdit_b_recon_128_latest,lpips,2s,0.24504099786281586,artifacts/summaries/eval/eval_b_recon_128/nwm_cdit_b_recon_128_latest/recon_time.json
128 No Text,32500,nwm_cdit_b_recon_128_latest,lpips,4s,0.26974382996559143,artifacts/summaries/eval/eval_b_recon_128/nwm_cdit_b_recon_128_latest/recon_time.json
128 No Text,32500,nwm_cdit_b_recon_128_latest,lpips,8s,0.30301183462142944,artifacts/summaries/eval/eval_b_recon_128/nwm_cdit_b_recon_128_latest/recon_time.json
128 No Text,32500,nwm_cdit_b_recon_128_latest,lpips,16s,0.36825281381607056,artifacts/summaries/eval/eval_b_recon_128/nwm_cdit_b_recon_128_latest/recon_time.json
128 Text Dense,5000,nwm_cdit_b_recon_128_text_dense_0005000,dreamsim,1s,0.20026364922523499,artifacts/summaries/eval/eval_b_recon_128_text_dense/nwm_cdit_b_recon_128_text_dense_0005000/recon_time.json
128 Text Dense,5000,nwm_cdit_b_recon_128_text_dense_0005000,dreamsim,2s,0.20524299144744873,artifacts/summaries/eval/eval_b_recon_128_text_dense/nwm_cdit_b_recon_128_text_dense_0005000/recon_time.json
128 Text Dense,5000,nwm_cdit_b_recon_128_text_dense_0005000,dreamsim,4s,0.21469427645206451,artifacts/summaries/eval/eval_b_recon_128_text_dense/nwm_cdit_b_recon_128_text_dense_0005000/recon_time.json
128 Text Dense,5000,nwm_cdit_b_recon_128_text_dense_0005000,dreamsim,8s,0.23946021497249603,artifacts/summaries/eval/eval_b_recon_128_text_dense/nwm_cdit_b_recon_128_text_dense_0005000/recon_time.json
128 Text Dense,5000,nwm_cdit_b_recon_128_text_dense_0005000,dreamsim,16s,0.29149073362350464,artifacts/summaries/eval/eval_b_recon_128_text_dense/nwm_cdit_b_recon_128_text_dense_0005000/recon_time.json
128 Text Dense,5000,nwm_cdit_b_recon_128_text_dense_0005000,fid,1s,37.36164855957031,artifacts/summaries/eval/eval_b_recon_128_text_dense/nwm_cdit_b_recon_128_text_dense_0005000/recon_time.json
128 Text Dense,5000,nwm_cdit_b_recon_128_text_dense_0005000,fid,2s,37.132965087890625,artifacts/summaries/eval/eval_b_recon_128_text_dense/nwm_cdit_b_recon_128_text_dense_0005000/recon_time.json
128 Text Dense,5000,nwm_cdit_b_recon_128_text_dense_0005000,fid,4s,36.32615661621094,artifacts/summaries/eval/eval_b_recon_128_text_dense/nwm_cdit_b_recon_128_text_dense_0005000/recon_time.json
128 Text Dense,5000,nwm_cdit_b_recon_128_text_dense_0005000,fid,8s,35.40380859375,artifacts/summaries/eval/eval_b_recon_128_text_dense/nwm_cdit_b_recon_128_text_dense_0005000/recon_time.json
128 Text Dense,5000,nwm_cdit_b_recon_128_text_dense_0005000,fid,16s,41.808746337890625,artifacts/summaries/eval/eval_b_recon_128_text_dense/nwm_cdit_b_recon_128_text_dense_0005000/recon_time.json
128 Text Dense,5000,nwm_cdit_b_recon_128_text_dense_0005000,lpips,1s,0.31632351875305176,artifacts/summaries/eval/eval_b_recon_128_text_dense/nwm_cdit_b_recon_128_text_dense_0005000/recon_time.json
128 Text Dense,5000,nwm_cdit_b_recon_128_text_dense_0005000,lpips,2s,0.33192726969718933,artifacts/summaries/eval/eval_b_recon_128_text_dense/nwm_cdit_b_recon_128_text_dense_0005000/recon_time.json
128 Text Dense,5000,nwm_cdit_b_recon_128_text_dense_0005000,lpips,4s,0.3528393507003784,artifacts/summaries/eval/eval_b_recon_128_text_dense/nwm_cdit_b_recon_128_text_dense_0005000/recon_time.json
128 Text Dense,5000,nwm_cdit_b_recon_128_text_dense_0005000,lpips,8s,0.3835035562515259,artifacts/summaries/eval/eval_b_recon_128_text_dense/nwm_cdit_b_recon_128_text_dense_0005000/recon_time.json
128 Text Dense,5000,nwm_cdit_b_recon_128_text_dense_0005000,lpips,16s,0.4468900263309479,artifacts/summaries/eval/eval_b_recon_128_text_dense/nwm_cdit_b_recon_128_text_dense_0005000/recon_time.json
128 Text Dense,10000,nwm_cdit_b_recon_128_text_dense_0010000,dreamsim,1s,0.16054528951644897,artifacts/summaries/eval/eval_b_recon_128_text_dense/nwm_cdit_b_recon_128_text_dense_0010000/recon_time.json
128 Text Dense,10000,nwm_cdit_b_recon_128_text_dense_0010000,dreamsim,2s,0.16889116168022156,artifacts/summaries/eval/eval_b_recon_128_text_dense/nwm_cdit_b_recon_128_text_dense_0010000/recon_time.json
128 Text Dense,10000,nwm_cdit_b_recon_128_text_dense_0010000,dreamsim,4s,0.1811457723379135,artifacts/summaries/eval/eval_b_recon_128_text_dense/nwm_cdit_b_recon_128_text_dense_0010000/recon_time.json
128 Text Dense,10000,nwm_cdit_b_recon_128_text_dense_0010000,dreamsim,8s,0.1982688307762146,artifacts/summaries/eval/eval_b_recon_128_text_dense/nwm_cdit_b_recon_128_text_dense_0010000/recon_time.json
128 Text Dense,10000,nwm_cdit_b_recon_128_text_dense_0010000,dreamsim,16s,0.24843508005142212,artifacts/summaries/eval/eval_b_recon_128_text_dense/nwm_cdit_b_recon_128_text_dense_0010000/recon_time.json
128 Text Dense,10000,nwm_cdit_b_recon_128_text_dense_0010000,fid,1s,30.524871826171875,artifacts/summaries/eval/eval_b_recon_128_text_dense/nwm_cdit_b_recon_128_text_dense_0010000/recon_time.json
128 Text Dense,10000,nwm_cdit_b_recon_128_text_dense_0010000,fid,2s,31.262451171875,artifacts/summaries/eval/eval_b_recon_128_text_dense/nwm_cdit_b_recon_128_text_dense_0010000/recon_time.json
128 Text Dense,10000,nwm_cdit_b_recon_128_text_dense_0010000,fid,4s,31.499038696289062,artifacts/summaries/eval/eval_b_recon_128_text_dense/nwm_cdit_b_recon_128_text_dense_0010000/recon_time.json
128 Text Dense,10000,nwm_cdit_b_recon_128_text_dense_0010000,fid,8s,31.184402465820312,artifacts/summaries/eval/eval_b_recon_128_text_dense/nwm_cdit_b_recon_128_text_dense_0010000/recon_time.json
128 Text Dense,10000,nwm_cdit_b_recon_128_text_dense_0010000,fid,16s,34.78746032714844,artifacts/summaries/eval/eval_b_recon_128_text_dense/nwm_cdit_b_recon_128_text_dense_0010000/recon_time.json
128 Text Dense,10000,nwm_cdit_b_recon_128_text_dense_0010000,lpips,1s,0.25050652027130127,artifacts/summaries/eval/eval_b_recon_128_text_dense/nwm_cdit_b_recon_128_text_dense_0010000/recon_time.json
128 Text Dense,10000,nwm_cdit_b_recon_128_text_dense_0010000,lpips,2s,0.27339810132980347,artifacts/summaries/eval/eval_b_recon_128_text_dense/nwm_cdit_b_recon_128_text_dense_0010000/recon_time.json
128 Text Dense,10000,nwm_cdit_b_recon_128_text_dense_0010000,lpips,4s,0.30422624945640564,artifacts/summaries/eval/eval_b_recon_128_text_dense/nwm_cdit_b_recon_128_text_dense_0010000/recon_time.json
128 Text Dense,10000,nwm_cdit_b_recon_128_text_dense_0010000,lpips,8s,0.335845410823822,artifacts/summaries/eval/eval_b_recon_128_text_dense/nwm_cdit_b_recon_128_text_dense_0010000/recon_time.json
128 Text Dense,10000,nwm_cdit_b_recon_128_text_dense_0010000,lpips,16s,0.4021536409854889,artifacts/summaries/eval/eval_b_recon_128_text_dense/nwm_cdit_b_recon_128_text_dense_0010000/recon_time.json
128 Text Dense,15000,nwm_cdit_b_recon_128_text_dense_0015000,dreamsim,1s,0.1475372463464737,artifacts/summaries/eval/eval_b_recon_128_text_dense/nwm_cdit_b_recon_128_text_dense_0015000/recon_time.json
128 Text Dense,15000,nwm_cdit_b_recon_128_text_dense_0015000,dreamsim,2s,0.15686433017253876,artifacts/summaries/eval/eval_b_recon_128_text_dense/nwm_cdit_b_recon_128_text_dense_0015000/recon_time.json
128 Text Dense,15000,nwm_cdit_b_recon_128_text_dense_0015000,dreamsim,4s,0.16426758468151093,artifacts/summaries/eval/eval_b_recon_128_text_dense/nwm_cdit_b_recon_128_text_dense_0015000/recon_time.json
128 Text Dense,15000,nwm_cdit_b_recon_128_text_dense_0015000,dreamsim,8s,0.18657073378562927,artifacts/summaries/eval/eval_b_recon_128_text_dense/nwm_cdit_b_recon_128_text_dense_0015000/recon_time.json
128 Text Dense,15000,nwm_cdit_b_recon_128_text_dense_0015000,dreamsim,16s,0.2343219667673111,artifacts/summaries/eval/eval_b_recon_128_text_dense/nwm_cdit_b_recon_128_text_dense_0015000/recon_time.json
128 Text Dense,15000,nwm_cdit_b_recon_128_text_dense_0015000,fid,1s,28.866241455078125,artifacts/summaries/eval/eval_b_recon_128_text_dense/nwm_cdit_b_recon_128_text_dense_0015000/recon_time.json
128 Text Dense,15000,nwm_cdit_b_recon_128_text_dense_0015000,fid,2s,29.517669677734375,artifacts/summaries/eval/eval_b_recon_128_text_dense/nwm_cdit_b_recon_128_text_dense_0015000/recon_time.json
128 Text Dense,15000,nwm_cdit_b_recon_128_text_dense_0015000,fid,4s,30.48419189453125,artifacts/summaries/eval/eval_b_recon_128_text_dense/nwm_cdit_b_recon_128_text_dense_0015000/recon_time.json
128 Text Dense,15000,nwm_cdit_b_recon_128_text_dense_0015000,fid,8s,29.515838623046875,artifacts/summaries/eval/eval_b_recon_128_text_dense/nwm_cdit_b_recon_128_text_dense_0015000/recon_time.json
128 Text Dense,15000,nwm_cdit_b_recon_128_text_dense_0015000,fid,16s,34.22566223144531,artifacts/summaries/eval/eval_b_recon_128_text_dense/nwm_cdit_b_recon_128_text_dense_0015000/recon_time.json
128 Text Dense,15000,nwm_cdit_b_recon_128_text_dense_0015000,lpips,1s,0.23014232516288757,artifacts/summaries/eval/eval_b_recon_128_text_dense/nwm_cdit_b_recon_128_text_dense_0015000/recon_time.json
128 Text Dense,15000,nwm_cdit_b_recon_128_text_dense_0015000,lpips,2s,0.24951644241809845,artifacts/summaries/eval/eval_b_recon_128_text_dense/nwm_cdit_b_recon_128_text_dense_0015000/recon_time.json
128 Text Dense,15000,nwm_cdit_b_recon_128_text_dense_0015000,lpips,4s,0.27828267216682434,artifacts/summaries/eval/eval_b_recon_128_text_dense/nwm_cdit_b_recon_128_text_dense_0015000/recon_time.json
128 Text Dense,15000,nwm_cdit_b_recon_128_text_dense_0015000,lpips,8s,0.32149019837379456,artifacts/summaries/eval/eval_b_recon_128_text_dense/nwm_cdit_b_recon_128_text_dense_0015000/recon_time.json
128 Text Dense,15000,nwm_cdit_b_recon_128_text_dense_0015000,lpips,16s,0.3884256184101105,artifacts/summaries/eval/eval_b_recon_128_text_dense/nwm_cdit_b_recon_128_text_dense_0015000/recon_time.json
128 Text Dense,20000,nwm_cdit_b_recon_128_text_dense_0020000,dreamsim,1s,0.14539526402950287,artifacts/summaries/eval/eval_b_recon_128_text_dense/nwm_cdit_b_recon_128_text_dense_0020000/recon_time.json
128 Text Dense,20000,nwm_cdit_b_recon_128_text_dense_0020000,dreamsim,2s,0.1518564522266388,artifacts/summaries/eval/eval_b_recon_128_text_dense/nwm_cdit_b_recon_128_text_dense_0020000/recon_time.json
128 Text Dense,20000,nwm_cdit_b_recon_128_text_dense_0020000,dreamsim,4s,0.16058440506458282,artifacts/summaries/eval/eval_b_recon_128_text_dense/nwm_cdit_b_recon_128_text_dense_0020000/recon_time.json
128 Text Dense,20000,nwm_cdit_b_recon_128_text_dense_0020000,dreamsim,8s,0.1801905333995819,artifacts/summaries/eval/eval_b_recon_128_text_dense/nwm_cdit_b_recon_128_text_dense_0020000/recon_time.json
128 Text Dense,20000,nwm_cdit_b_recon_128_text_dense_0020000,dreamsim,16s,0.22348253428936005,artifacts/summaries/eval/eval_b_recon_128_text_dense/nwm_cdit_b_recon_128_text_dense_0020000/recon_time.json
128 Text Dense,20000,nwm_cdit_b_recon_128_text_dense_0020000,fid,1s,29.196762084960938,artifacts/summaries/eval/eval_b_recon_128_text_dense/nwm_cdit_b_recon_128_text_dense_0020000/recon_time.json
128 Text Dense,20000,nwm_cdit_b_recon_128_text_dense_0020000,fid,2s,29.666839599609375,artifacts/summaries/eval/eval_b_recon_128_text_dense/nwm_cdit_b_recon_128_text_dense_0020000/recon_time.json
128 Text Dense,20000,nwm_cdit_b_recon_128_text_dense_0020000,fid,4s,29.533767700195312,artifacts/summaries/eval/eval_b_recon_128_text_dense/nwm_cdit_b_recon_128_text_dense_0020000/recon_time.json
128 Text Dense,20000,nwm_cdit_b_recon_128_text_dense_0020000,fid,8s,30.339385986328125,artifacts/summaries/eval/eval_b_recon_128_text_dense/nwm_cdit_b_recon_128_text_dense_0020000/recon_time.json
128 Text Dense,20000,nwm_cdit_b_recon_128_text_dense_0020000,fid,16s,33.989990234375,artifacts/summaries/eval/eval_b_recon_128_text_dense/nwm_cdit_b_recon_128_text_dense_0020000/recon_time.json
128 Text Dense,20000,nwm_cdit_b_recon_128_text_dense_0020000,lpips,1s,0.22317621111869812,artifacts/summaries/eval/eval_b_recon_128_text_dense/nwm_cdit_b_recon_128_text_dense_0020000/recon_time.json
128 Text Dense,20000,nwm_cdit_b_recon_128_text_dense_0020000,lpips,2s,0.24702642858028412,artifacts/summaries/eval/eval_b_recon_128_text_dense/nwm_cdit_b_recon_128_text_dense_0020000/recon_time.json
128 Text Dense,20000,nwm_cdit_b_recon_128_text_dense_0020000,lpips,4s,0.26760274171829224,artifacts/summaries/eval/eval_b_recon_128_text_dense/nwm_cdit_b_recon_128_text_dense_0020000/recon_time.json
128 Text Dense,20000,nwm_cdit_b_recon_128_text_dense_0020000,lpips,8s,0.3144031763076782,artifacts/summaries/eval/eval_b_recon_128_text_dense/nwm_cdit_b_recon_128_text_dense_0020000/recon_time.json
128 Text Dense,20000,nwm_cdit_b_recon_128_text_dense_0020000,lpips,16s,0.373963862657547,artifacts/summaries/eval/eval_b_recon_128_text_dense/nwm_cdit_b_recon_128_text_dense_0020000/recon_time.json
128 Text Dense,25000,nwm_cdit_b_recon_128_text_dense_0025000,dreamsim,1s,0.14032109081745148,artifacts/summaries/eval/eval_b_recon_128_text_dense/nwm_cdit_b_recon_128_text_dense_0025000/recon_time.json
128 Text Dense,25000,nwm_cdit_b_recon_128_text_dense_0025000,dreamsim,2s,0.1496167629957199,artifacts/summaries/eval/eval_b_recon_128_text_dense/nwm_cdit_b_recon_128_text_dense_0025000/recon_time.json
128 Text Dense,25000,nwm_cdit_b_recon_128_text_dense_0025000,dreamsim,4s,0.15724347531795502,artifacts/summaries/eval/eval_b_recon_128_text_dense/nwm_cdit_b_recon_128_text_dense_0025000/recon_time.json
128 Text Dense,25000,nwm_cdit_b_recon_128_text_dense_0025000,dreamsim,8s,0.17276203632354736,artifacts/summaries/eval/eval_b_recon_128_text_dense/nwm_cdit_b_recon_128_text_dense_0025000/recon_time.json
128 Text Dense,25000,nwm_cdit_b_recon_128_text_dense_0025000,dreamsim,16s,0.21750186383724213,artifacts/summaries/eval/eval_b_recon_128_text_dense/nwm_cdit_b_recon_128_text_dense_0025000/recon_time.json
128 Text Dense,25000,nwm_cdit_b_recon_128_text_dense_0025000,fid,1s,29.518936157226562,artifacts/summaries/eval/eval_b_recon_128_text_dense/nwm_cdit_b_recon_128_text_dense_0025000/recon_time.json
128 Text Dense,25000,nwm_cdit_b_recon_128_text_dense_0025000,fid,2s,29.07562255859375,artifacts/summaries/eval/eval_b_recon_128_text_dense/nwm_cdit_b_recon_128_text_dense_0025000/recon_time.json
128 Text Dense,25000,nwm_cdit_b_recon_128_text_dense_0025000,fid,4s,29.24462890625,artifacts/summaries/eval/eval_b_recon_128_text_dense/nwm_cdit_b_recon_128_text_dense_0025000/recon_time.json
128 Text Dense,25000,nwm_cdit_b_recon_128_text_dense_0025000,fid,8s,29.382095336914062,artifacts/summaries/eval/eval_b_recon_128_text_dense/nwm_cdit_b_recon_128_text_dense_0025000/recon_time.json
128 Text Dense,25000,nwm_cdit_b_recon_128_text_dense_0025000,fid,16s,33.40802001953125,artifacts/summaries/eval/eval_b_recon_128_text_dense/nwm_cdit_b_recon_128_text_dense_0025000/recon_time.json
128 Text Dense,25000,nwm_cdit_b_recon_128_text_dense_0025000,lpips,1s,0.21821853518486023,artifacts/summaries/eval/eval_b_recon_128_text_dense/nwm_cdit_b_recon_128_text_dense_0025000/recon_time.json
128 Text Dense,25000,nwm_cdit_b_recon_128_text_dense_0025000,lpips,2s,0.2393074333667755,artifacts/summaries/eval/eval_b_recon_128_text_dense/nwm_cdit_b_recon_128_text_dense_0025000/recon_time.json
128 Text Dense,25000,nwm_cdit_b_recon_128_text_dense_0025000,lpips,4s,0.2641690671443939,artifacts/summaries/eval/eval_b_recon_128_text_dense/nwm_cdit_b_recon_128_text_dense_0025000/recon_time.json
128 Text Dense,25000,nwm_cdit_b_recon_128_text_dense_0025000,lpips,8s,0.2994706630706787,artifacts/summaries/eval/eval_b_recon_128_text_dense/nwm_cdit_b_recon_128_text_dense_0025000/recon_time.json
128 Text Dense,25000,nwm_cdit_b_recon_128_text_dense_0025000,lpips,16s,0.36684614419937134,artifacts/summaries/eval/eval_b_recon_128_text_dense/nwm_cdit_b_recon_128_text_dense_0025000/recon_time.json
128 Text Dense,30000,nwm_cdit_b_recon_128_text_dense_0030000,dreamsim,1s,0.13986390829086304,artifacts/summaries/eval/eval_b_recon_128_text_dense/nwm_cdit_b_recon_128_text_dense_0030000/recon_time.json
128 Text Dense,30000,nwm_cdit_b_recon_128_text_dense_0030000,dreamsim,2s,0.14793753623962402,artifacts/summaries/eval/eval_b_recon_128_text_dense/nwm_cdit_b_recon_128_text_dense_0030000/recon_time.json
128 Text Dense,30000,nwm_cdit_b_recon_128_text_dense_0030000,dreamsim,4s,0.15621471405029297,artifacts/summaries/eval/eval_b_recon_128_text_dense/nwm_cdit_b_recon_128_text_dense_0030000/recon_time.json
128 Text Dense,30000,nwm_cdit_b_recon_128_text_dense_0030000,dreamsim,8s,0.17451082170009613,artifacts/summaries/eval/eval_b_recon_128_text_dense/nwm_cdit_b_recon_128_text_dense_0030000/recon_time.json
128 Text Dense,30000,nwm_cdit_b_recon_128_text_dense_0030000,dreamsim,16s,0.21926714479923248,artifacts/summaries/eval/eval_b_recon_128_text_dense/nwm_cdit_b_recon_128_text_dense_0030000/recon_time.json
128 Text Dense,30000,nwm_cdit_b_recon_128_text_dense_0030000,fid,1s,29.2880859375,artifacts/summaries/eval/eval_b_recon_128_text_dense/nwm_cdit_b_recon_128_text_dense_0030000/recon_time.json
128 Text Dense,30000,nwm_cdit_b_recon_128_text_dense_0030000,fid,2s,29.000106811523438,artifacts/summaries/eval/eval_b_recon_128_text_dense/nwm_cdit_b_recon_128_text_dense_0030000/recon_time.json
128 Text Dense,30000,nwm_cdit_b_recon_128_text_dense_0030000,fid,4s,28.942886352539062,artifacts/summaries/eval/eval_b_recon_128_text_dense/nwm_cdit_b_recon_128_text_dense_0030000/recon_time.json
128 Text Dense,30000,nwm_cdit_b_recon_128_text_dense_0030000,fid,8s,29.338897705078125,artifacts/summaries/eval/eval_b_recon_128_text_dense/nwm_cdit_b_recon_128_text_dense_0030000/recon_time.json
128 Text Dense,30000,nwm_cdit_b_recon_128_text_dense_0030000,fid,16s,33.78776550292969,artifacts/summaries/eval/eval_b_recon_128_text_dense/nwm_cdit_b_recon_128_text_dense_0030000/recon_time.json
128 Text Dense,30000,nwm_cdit_b_recon_128_text_dense_0030000,lpips,1s,0.21544042229652405,artifacts/summaries/eval/eval_b_recon_128_text_dense/nwm_cdit_b_recon_128_text_dense_0030000/recon_time.json
128 Text Dense,30000,nwm_cdit_b_recon_128_text_dense_0030000,lpips,2s,0.23802794516086578,artifacts/summaries/eval/eval_b_recon_128_text_dense/nwm_cdit_b_recon_128_text_dense_0030000/recon_time.json
128 Text Dense,30000,nwm_cdit_b_recon_128_text_dense_0030000,lpips,4s,0.2619237005710602,artifacts/summaries/eval/eval_b_recon_128_text_dense/nwm_cdit_b_recon_128_text_dense_0030000/recon_time.json
128 Text Dense,30000,nwm_cdit_b_recon_128_text_dense_0030000,lpips,8s,0.30104589462280273,artifacts/summaries/eval/eval_b_recon_128_text_dense/nwm_cdit_b_recon_128_text_dense_0030000/recon_time.json
128 Text Dense,30000,nwm_cdit_b_recon_128_text_dense_0030000,lpips,16s,0.36699816584587097,artifacts/summaries/eval/eval_b_recon_128_text_dense/nwm_cdit_b_recon_128_text_dense_0030000/recon_time.json
128 Text Dense,33000,nwm_cdit_b_recon_128_text_dense_latest,dreamsim,1s,0.14127610623836517,artifacts/summaries/eval/eval_b_recon_128_text_dense/nwm_cdit_b_recon_128_text_dense_latest/recon_time.json
128 Text Dense,33000,nwm_cdit_b_recon_128_text_dense_latest,dreamsim,2s,0.14585044980049133,artifacts/summaries/eval/eval_b_recon_128_text_dense/nwm_cdit_b_recon_128_text_dense_latest/recon_time.json
128 Text Dense,33000,nwm_cdit_b_recon_128_text_dense_latest,dreamsim,4s,0.15628109872341156,artifacts/summaries/eval/eval_b_recon_128_text_dense/nwm_cdit_b_recon_128_text_dense_latest/recon_time.json
128 Text Dense,33000,nwm_cdit_b_recon_128_text_dense_latest,dreamsim,8s,0.17098739743232727,artifacts/summaries/eval/eval_b_recon_128_text_dense/nwm_cdit_b_recon_128_text_dense_latest/recon_time.json
128 Text Dense,33000,nwm_cdit_b_recon_128_text_dense_latest,dreamsim,16s,0.21827493607997894,artifacts/summaries/eval/eval_b_recon_128_text_dense/nwm_cdit_b_recon_128_text_dense_latest/recon_time.json
128 Text Dense,33000,nwm_cdit_b_recon_128_text_dense_latest,fid,1s,28.6322021484375,artifacts/summaries/eval/eval_b_recon_128_text_dense/nwm_cdit_b_recon_128_text_dense_latest/recon_time.json
128 Text Dense,33000,nwm_cdit_b_recon_128_text_dense_latest,fid,2s,28.437042236328125,artifacts/summaries/eval/eval_b_recon_128_text_dense/nwm_cdit_b_recon_128_text_dense_latest/recon_time.json
128 Text Dense,33000,nwm_cdit_b_recon_128_text_dense_latest,fid,4s,28.99139404296875,artifacts/summaries/eval/eval_b_recon_128_text_dense/nwm_cdit_b_recon_128_text_dense_latest/recon_time.json
128 Text Dense,33000,nwm_cdit_b_recon_128_text_dense_latest,fid,8s,29.517974853515625,artifacts/summaries/eval/eval_b_recon_128_text_dense/nwm_cdit_b_recon_128_text_dense_latest/recon_time.json
128 Text Dense,33000,nwm_cdit_b_recon_128_text_dense_latest,fid,16s,33.623199462890625,artifacts/summaries/eval/eval_b_recon_128_text_dense/nwm_cdit_b_recon_128_text_dense_latest/recon_time.json
128 Text Dense,33000,nwm_cdit_b_recon_128_text_dense_latest,lpips,1s,0.21600541472434998,artifacts/summaries/eval/eval_b_recon_128_text_dense/nwm_cdit_b_recon_128_text_dense_latest/recon_time.json
128 Text Dense,33000,nwm_cdit_b_recon_128_text_dense_latest,lpips,2s,0.2390180379152298,artifacts/summaries/eval/eval_b_recon_128_text_dense/nwm_cdit_b_recon_128_text_dense_latest/recon_time.json
128 Text Dense,33000,nwm_cdit_b_recon_128_text_dense_latest,lpips,4s,0.26457589864730835,artifacts/summaries/eval/eval_b_recon_128_text_dense/nwm_cdit_b_recon_128_text_dense_latest/recon_time.json
128 Text Dense,33000,nwm_cdit_b_recon_128_text_dense_latest,lpips,8s,0.29595494270324707,artifacts/summaries/eval/eval_b_recon_128_text_dense/nwm_cdit_b_recon_128_text_dense_latest/recon_time.json
128 Text Dense,33000,nwm_cdit_b_recon_128_text_dense_latest,lpips,16s,0.36419153213500977,artifacts/summaries/eval/eval_b_recon_128_text_dense/nwm_cdit_b_recon_128_text_dense_latest/recon_time.json
Raw Text Dense,5000,nwm_cdit_b_recon_raw_text_dense_0005000,dreamsim,1s,0.10221721976995468,artifacts/summaries/eval/eval_b_recon_raw_text_dense/nwm_cdit_b_recon_raw_text_dense_0005000/recon_time.json
Raw Text Dense,5000,nwm_cdit_b_recon_raw_text_dense_0005000,dreamsim,2s,0.1090826541185379,artifacts/summaries/eval/eval_b_recon_raw_text_dense/nwm_cdit_b_recon_raw_text_dense_0005000/recon_time.json
Raw Text Dense,5000,nwm_cdit_b_recon_raw_text_dense_0005000,dreamsim,4s,0.12000744789838791,artifacts/summaries/eval/eval_b_recon_raw_text_dense/nwm_cdit_b_recon_raw_text_dense_0005000/recon_time.json
Raw Text Dense,5000,nwm_cdit_b_recon_raw_text_dense_0005000,dreamsim,8s,0.13598334789276123,artifacts/summaries/eval/eval_b_recon_raw_text_dense/nwm_cdit_b_recon_raw_text_dense_0005000/recon_time.json
Raw Text Dense,5000,nwm_cdit_b_recon_raw_text_dense_0005000,dreamsim,16s,0.1859341263771057,artifacts/summaries/eval/eval_b_recon_raw_text_dense/nwm_cdit_b_recon_raw_text_dense_0005000/recon_time.json
Raw Text Dense,5000,nwm_cdit_b_recon_raw_text_dense_0005000,fid,1s,27.21795654296875,artifacts/summaries/eval/eval_b_recon_raw_text_dense/nwm_cdit_b_recon_raw_text_dense_0005000/recon_time.json
Raw Text Dense,5000,nwm_cdit_b_recon_raw_text_dense_0005000,fid,2s,27.285720825195312,artifacts/summaries/eval/eval_b_recon_raw_text_dense/nwm_cdit_b_recon_raw_text_dense_0005000/recon_time.json
Raw Text Dense,5000,nwm_cdit_b_recon_raw_text_dense_0005000,fid,4s,28.194580078125,artifacts/summaries/eval/eval_b_recon_raw_text_dense/nwm_cdit_b_recon_raw_text_dense_0005000/recon_time.json
Raw Text Dense,5000,nwm_cdit_b_recon_raw_text_dense_0005000,fid,8s,27.745346069335938,artifacts/summaries/eval/eval_b_recon_raw_text_dense/nwm_cdit_b_recon_raw_text_dense_0005000/recon_time.json
Raw Text Dense,5000,nwm_cdit_b_recon_raw_text_dense_0005000,fid,16s,31.56463623046875,artifacts/summaries/eval/eval_b_recon_raw_text_dense/nwm_cdit_b_recon_raw_text_dense_0005000/recon_time.json
Raw Text Dense,5000,nwm_cdit_b_recon_raw_text_dense_0005000,lpips,1s,0.26799437403678894,artifacts/summaries/eval/eval_b_recon_raw_text_dense/nwm_cdit_b_recon_raw_text_dense_0005000/recon_time.json
Raw Text Dense,5000,nwm_cdit_b_recon_raw_text_dense_0005000,lpips,2s,0.29119929671287537,artifacts/summaries/eval/eval_b_recon_raw_text_dense/nwm_cdit_b_recon_raw_text_dense_0005000/recon_time.json
Raw Text Dense,5000,nwm_cdit_b_recon_raw_text_dense_0005000,lpips,4s,0.3243241310119629,artifacts/summaries/eval/eval_b_recon_raw_text_dense/nwm_cdit_b_recon_raw_text_dense_0005000/recon_time.json
Raw Text Dense,5000,nwm_cdit_b_recon_raw_text_dense_0005000,lpips,8s,0.36091363430023193,artifacts/summaries/eval/eval_b_recon_raw_text_dense/nwm_cdit_b_recon_raw_text_dense_0005000/recon_time.json
Raw Text Dense,5000,nwm_cdit_b_recon_raw_text_dense_0005000,lpips,16s,0.4288197159767151,artifacts/summaries/eval/eval_b_recon_raw_text_dense/nwm_cdit_b_recon_raw_text_dense_0005000/recon_time.json
Raw Text Dense,10000,nwm_cdit_b_recon_raw_text_dense_0010000,dreamsim,1s,0.10502887517213821,artifacts/summaries/eval/eval_b_recon_raw_text_dense/nwm_cdit_b_recon_raw_text_dense_0010000/recon_time.json
Raw Text Dense,10000,nwm_cdit_b_recon_raw_text_dense_0010000,dreamsim,2s,0.11196568608283997,artifacts/summaries/eval/eval_b_recon_raw_text_dense/nwm_cdit_b_recon_raw_text_dense_0010000/recon_time.json
Raw Text Dense,10000,nwm_cdit_b_recon_raw_text_dense_0010000,dreamsim,4s,0.12090981006622314,artifacts/summaries/eval/eval_b_recon_raw_text_dense/nwm_cdit_b_recon_raw_text_dense_0010000/recon_time.json
Raw Text Dense,10000,nwm_cdit_b_recon_raw_text_dense_0010000,dreamsim,8s,0.13919417560100555,artifacts/summaries/eval/eval_b_recon_raw_text_dense/nwm_cdit_b_recon_raw_text_dense_0010000/recon_time.json
Raw Text Dense,10000,nwm_cdit_b_recon_raw_text_dense_0010000,dreamsim,16s,0.18393027782440186,artifacts/summaries/eval/eval_b_recon_raw_text_dense/nwm_cdit_b_recon_raw_text_dense_0010000/recon_time.json
Raw Text Dense,10000,nwm_cdit_b_recon_raw_text_dense_0010000,fid,1s,27.930618286132812,artifacts/summaries/eval/eval_b_recon_raw_text_dense/nwm_cdit_b_recon_raw_text_dense_0010000/recon_time.json
Raw Text Dense,10000,nwm_cdit_b_recon_raw_text_dense_0010000,fid,2s,27.333908081054688,artifacts/summaries/eval/eval_b_recon_raw_text_dense/nwm_cdit_b_recon_raw_text_dense_0010000/recon_time.json
Raw Text Dense,10000,nwm_cdit_b_recon_raw_text_dense_0010000,fid,4s,28.919647216796875,artifacts/summaries/eval/eval_b_recon_raw_text_dense/nwm_cdit_b_recon_raw_text_dense_0010000/recon_time.json
Raw Text Dense,10000,nwm_cdit_b_recon_raw_text_dense_0010000,fid,8s,27.765380859375,artifacts/summaries/eval/eval_b_recon_raw_text_dense/nwm_cdit_b_recon_raw_text_dense_0010000/recon_time.json
Raw Text Dense,10000,nwm_cdit_b_recon_raw_text_dense_0010000,fid,16s,31.782577514648438,artifacts/summaries/eval/eval_b_recon_raw_text_dense/nwm_cdit_b_recon_raw_text_dense_0010000/recon_time.json
Raw Text Dense,10000,nwm_cdit_b_recon_raw_text_dense_0010000,lpips,1s,0.27267923951148987,artifacts/summaries/eval/eval_b_recon_raw_text_dense/nwm_cdit_b_recon_raw_text_dense_0010000/recon_time.json
Raw Text Dense,10000,nwm_cdit_b_recon_raw_text_dense_0010000,lpips,2s,0.29797041416168213,artifacts/summaries/eval/eval_b_recon_raw_text_dense/nwm_cdit_b_recon_raw_text_dense_0010000/recon_time.json
Raw Text Dense,10000,nwm_cdit_b_recon_raw_text_dense_0010000,lpips,4s,0.3245992660522461,artifacts/summaries/eval/eval_b_recon_raw_text_dense/nwm_cdit_b_recon_raw_text_dense_0010000/recon_time.json
Raw Text Dense,10000,nwm_cdit_b_recon_raw_text_dense_0010000,lpips,8s,0.36320385336875916,artifacts/summaries/eval/eval_b_recon_raw_text_dense/nwm_cdit_b_recon_raw_text_dense_0010000/recon_time.json
Raw Text Dense,10000,nwm_cdit_b_recon_raw_text_dense_0010000,lpips,16s,0.4326499104499817,artifacts/summaries/eval/eval_b_recon_raw_text_dense/nwm_cdit_b_recon_raw_text_dense_0010000/recon_time.json
Raw Text Dense,15000,nwm_cdit_b_recon_raw_text_dense_0015000,dreamsim,1s,0.10520338267087936,artifacts/summaries/eval/eval_b_recon_raw_text_dense/nwm_cdit_b_recon_raw_text_dense_0015000/recon_time.json
Raw Text Dense,15000,nwm_cdit_b_recon_raw_text_dense_0015000,dreamsim,2s,0.11328674852848053,artifacts/summaries/eval/eval_b_recon_raw_text_dense/nwm_cdit_b_recon_raw_text_dense_0015000/recon_time.json
Raw Text Dense,15000,nwm_cdit_b_recon_raw_text_dense_0015000,dreamsim,4s,0.12445063889026642,artifacts/summaries/eval/eval_b_recon_raw_text_dense/nwm_cdit_b_recon_raw_text_dense_0015000/recon_time.json
Raw Text Dense,15000,nwm_cdit_b_recon_raw_text_dense_0015000,dreamsim,8s,0.14014169573783875,artifacts/summaries/eval/eval_b_recon_raw_text_dense/nwm_cdit_b_recon_raw_text_dense_0015000/recon_time.json
Raw Text Dense,15000,nwm_cdit_b_recon_raw_text_dense_0015000,dreamsim,16s,0.19247381389141083,artifacts/summaries/eval/eval_b_recon_raw_text_dense/nwm_cdit_b_recon_raw_text_dense_0015000/recon_time.json
Raw Text Dense,15000,nwm_cdit_b_recon_raw_text_dense_0015000,fid,1s,27.827606201171875,artifacts/summaries/eval/eval_b_recon_raw_text_dense/nwm_cdit_b_recon_raw_text_dense_0015000/recon_time.json
Raw Text Dense,15000,nwm_cdit_b_recon_raw_text_dense_0015000,fid,2s,27.186569213867188,artifacts/summaries/eval/eval_b_recon_raw_text_dense/nwm_cdit_b_recon_raw_text_dense_0015000/recon_time.json
Raw Text Dense,15000,nwm_cdit_b_recon_raw_text_dense_0015000,fid,4s,28.196670532226562,artifacts/summaries/eval/eval_b_recon_raw_text_dense/nwm_cdit_b_recon_raw_text_dense_0015000/recon_time.json
Raw Text Dense,15000,nwm_cdit_b_recon_raw_text_dense_0015000,fid,8s,27.729141235351562,artifacts/summaries/eval/eval_b_recon_raw_text_dense/nwm_cdit_b_recon_raw_text_dense_0015000/recon_time.json
Raw Text Dense,15000,nwm_cdit_b_recon_raw_text_dense_0015000,fid,16s,32.02177429199219,artifacts/summaries/eval/eval_b_recon_raw_text_dense/nwm_cdit_b_recon_raw_text_dense_0015000/recon_time.json
Raw Text Dense,15000,nwm_cdit_b_recon_raw_text_dense_0015000,lpips,1s,0.2738489806652069,artifacts/summaries/eval/eval_b_recon_raw_text_dense/nwm_cdit_b_recon_raw_text_dense_0015000/recon_time.json
Raw Text Dense,15000,nwm_cdit_b_recon_raw_text_dense_0015000,lpips,2s,0.2974548935890198,artifacts/summaries/eval/eval_b_recon_raw_text_dense/nwm_cdit_b_recon_raw_text_dense_0015000/recon_time.json
Raw Text Dense,15000,nwm_cdit_b_recon_raw_text_dense_0015000,lpips,4s,0.32915693521499634,artifacts/summaries/eval/eval_b_recon_raw_text_dense/nwm_cdit_b_recon_raw_text_dense_0015000/recon_time.json
Raw Text Dense,15000,nwm_cdit_b_recon_raw_text_dense_0015000,lpips,8s,0.3671000599861145,artifacts/summaries/eval/eval_b_recon_raw_text_dense/nwm_cdit_b_recon_raw_text_dense_0015000/recon_time.json
Raw Text Dense,15000,nwm_cdit_b_recon_raw_text_dense_0015000,lpips,16s,0.44014617800712585,artifacts/summaries/eval/eval_b_recon_raw_text_dense/nwm_cdit_b_recon_raw_text_dense_0015000/recon_time.json
Raw Text Dense,20000,nwm_cdit_b_recon_raw_text_dense_0020000,dreamsim,1s,0.10550585389137268,artifacts/summaries/eval/eval_b_recon_raw_text_dense/nwm_cdit_b_recon_raw_text_dense_0020000/recon_time.json
Raw Text Dense,20000,nwm_cdit_b_recon_raw_text_dense_0020000,dreamsim,2s,0.1136862263083458,artifacts/summaries/eval/eval_b_recon_raw_text_dense/nwm_cdit_b_recon_raw_text_dense_0020000/recon_time.json
Raw Text Dense,20000,nwm_cdit_b_recon_raw_text_dense_0020000,dreamsim,4s,0.1233006939291954,artifacts/summaries/eval/eval_b_recon_raw_text_dense/nwm_cdit_b_recon_raw_text_dense_0020000/recon_time.json
Raw Text Dense,20000,nwm_cdit_b_recon_raw_text_dense_0020000,dreamsim,8s,0.1401917040348053,artifacts/summaries/eval/eval_b_recon_raw_text_dense/nwm_cdit_b_recon_raw_text_dense_0020000/recon_time.json
Raw Text Dense,20000,nwm_cdit_b_recon_raw_text_dense_0020000,dreamsim,16s,0.187828928232193,artifacts/summaries/eval/eval_b_recon_raw_text_dense/nwm_cdit_b_recon_raw_text_dense_0020000/recon_time.json
Raw Text Dense,20000,nwm_cdit_b_recon_raw_text_dense_0020000,fid,1s,27.670440673828125,artifacts/summaries/eval/eval_b_recon_raw_text_dense/nwm_cdit_b_recon_raw_text_dense_0020000/recon_time.json
Raw Text Dense,20000,nwm_cdit_b_recon_raw_text_dense_0020000,fid,2s,27.565811157226562,artifacts/summaries/eval/eval_b_recon_raw_text_dense/nwm_cdit_b_recon_raw_text_dense_0020000/recon_time.json
Raw Text Dense,20000,nwm_cdit_b_recon_raw_text_dense_0020000,fid,4s,28.44482421875,artifacts/summaries/eval/eval_b_recon_raw_text_dense/nwm_cdit_b_recon_raw_text_dense_0020000/recon_time.json
Raw Text Dense,20000,nwm_cdit_b_recon_raw_text_dense_0020000,fid,8s,28.020614624023438,artifacts/summaries/eval/eval_b_recon_raw_text_dense/nwm_cdit_b_recon_raw_text_dense_0020000/recon_time.json
Raw Text Dense,20000,nwm_cdit_b_recon_raw_text_dense_0020000,fid,16s,32.50201416015625,artifacts/summaries/eval/eval_b_recon_raw_text_dense/nwm_cdit_b_recon_raw_text_dense_0020000/recon_time.json
Raw Text Dense,20000,nwm_cdit_b_recon_raw_text_dense_0020000,lpips,1s,0.27324411273002625,artifacts/summaries/eval/eval_b_recon_raw_text_dense/nwm_cdit_b_recon_raw_text_dense_0020000/recon_time.json
Raw Text Dense,20000,nwm_cdit_b_recon_raw_text_dense_0020000,lpips,2s,0.3014734983444214,artifacts/summaries/eval/eval_b_recon_raw_text_dense/nwm_cdit_b_recon_raw_text_dense_0020000/recon_time.json
Raw Text Dense,20000,nwm_cdit_b_recon_raw_text_dense_0020000,lpips,4s,0.3279770016670227,artifacts/summaries/eval/eval_b_recon_raw_text_dense/nwm_cdit_b_recon_raw_text_dense_0020000/recon_time.json
Raw Text Dense,20000,nwm_cdit_b_recon_raw_text_dense_0020000,lpips,8s,0.36774587631225586,artifacts/summaries/eval/eval_b_recon_raw_text_dense/nwm_cdit_b_recon_raw_text_dense_0020000/recon_time.json
Raw Text Dense,20000,nwm_cdit_b_recon_raw_text_dense_0020000,lpips,16s,0.4342414438724518,artifacts/summaries/eval/eval_b_recon_raw_text_dense/nwm_cdit_b_recon_raw_text_dense_0020000/recon_time.json
Raw Text Dense,25000,nwm_cdit_b_recon_raw_text_dense_0025000,dreamsim,1s,0.10617155581712723,artifacts/summaries/eval/eval_b_recon_raw_text_dense/nwm_cdit_b_recon_raw_text_dense_0025000/recon_time.json
Raw Text Dense,25000,nwm_cdit_b_recon_raw_text_dense_0025000,dreamsim,2s,0.11533433198928833,artifacts/summaries/eval/eval_b_recon_raw_text_dense/nwm_cdit_b_recon_raw_text_dense_0025000/recon_time.json
Raw Text Dense,25000,nwm_cdit_b_recon_raw_text_dense_0025000,dreamsim,4s,0.1230274885892868,artifacts/summaries/eval/eval_b_recon_raw_text_dense/nwm_cdit_b_recon_raw_text_dense_0025000/recon_time.json
Raw Text Dense,25000,nwm_cdit_b_recon_raw_text_dense_0025000,dreamsim,8s,0.14152348041534424,artifacts/summaries/eval/eval_b_recon_raw_text_dense/nwm_cdit_b_recon_raw_text_dense_0025000/recon_time.json
Raw Text Dense,25000,nwm_cdit_b_recon_raw_text_dense_0025000,dreamsim,16s,0.18869785964488983,artifacts/summaries/eval/eval_b_recon_raw_text_dense/nwm_cdit_b_recon_raw_text_dense_0025000/recon_time.json
Raw Text Dense,25000,nwm_cdit_b_recon_raw_text_dense_0025000,fid,1s,28.271881103515625,artifacts/summaries/eval/eval_b_recon_raw_text_dense/nwm_cdit_b_recon_raw_text_dense_0025000/recon_time.json
Raw Text Dense,25000,nwm_cdit_b_recon_raw_text_dense_0025000,fid,2s,28.16357421875,artifacts/summaries/eval/eval_b_recon_raw_text_dense/nwm_cdit_b_recon_raw_text_dense_0025000/recon_time.json
Raw Text Dense,25000,nwm_cdit_b_recon_raw_text_dense_0025000,fid,4s,28.551773071289062,artifacts/summaries/eval/eval_b_recon_raw_text_dense/nwm_cdit_b_recon_raw_text_dense_0025000/recon_time.json
Raw Text Dense,25000,nwm_cdit_b_recon_raw_text_dense_0025000,fid,8s,28.004623413085938,artifacts/summaries/eval/eval_b_recon_raw_text_dense/nwm_cdit_b_recon_raw_text_dense_0025000/recon_time.json
Raw Text Dense,25000,nwm_cdit_b_recon_raw_text_dense_0025000,fid,16s,32.05180358886719,artifacts/summaries/eval/eval_b_recon_raw_text_dense/nwm_cdit_b_recon_raw_text_dense_0025000/recon_time.json
Raw Text Dense,25000,nwm_cdit_b_recon_raw_text_dense_0025000,lpips,1s,0.2743886709213257,artifacts/summaries/eval/eval_b_recon_raw_text_dense/nwm_cdit_b_recon_raw_text_dense_0025000/recon_time.json
Raw Text Dense,25000,nwm_cdit_b_recon_raw_text_dense_0025000,lpips,2s,0.30219146609306335,artifacts/summaries/eval/eval_b_recon_raw_text_dense/nwm_cdit_b_recon_raw_text_dense_0025000/recon_time.json
Raw Text Dense,25000,nwm_cdit_b_recon_raw_text_dense_0025000,lpips,4s,0.32935482263565063,artifacts/summaries/eval/eval_b_recon_raw_text_dense/nwm_cdit_b_recon_raw_text_dense_0025000/recon_time.json
Raw Text Dense,25000,nwm_cdit_b_recon_raw_text_dense_0025000,lpips,8s,0.3687991201877594,artifacts/summaries/eval/eval_b_recon_raw_text_dense/nwm_cdit_b_recon_raw_text_dense_0025000/recon_time.json
Raw Text Dense,25000,nwm_cdit_b_recon_raw_text_dense_0025000,lpips,16s,0.4355773627758026,artifacts/summaries/eval/eval_b_recon_raw_text_dense/nwm_cdit_b_recon_raw_text_dense_0025000/recon_time.json
Raw Text Dense,30000,nwm_cdit_b_recon_raw_text_dense_0030000,dreamsim,1s,0.10691885650157928,artifacts/summaries/eval/eval_b_recon_raw_text_dense/nwm_cdit_b_recon_raw_text_dense_0030000/recon_time.json
Raw Text Dense,30000,nwm_cdit_b_recon_raw_text_dense_0030000,dreamsim,2s,0.1120997965335846,artifacts/summaries/eval/eval_b_recon_raw_text_dense/nwm_cdit_b_recon_raw_text_dense_0030000/recon_time.json
Raw Text Dense,30000,nwm_cdit_b_recon_raw_text_dense_0030000,dreamsim,4s,0.12444277852773666,artifacts/summaries/eval/eval_b_recon_raw_text_dense/nwm_cdit_b_recon_raw_text_dense_0030000/recon_time.json
Raw Text Dense,30000,nwm_cdit_b_recon_raw_text_dense_0030000,dreamsim,8s,0.14086060225963593,artifacts/summaries/eval/eval_b_recon_raw_text_dense/nwm_cdit_b_recon_raw_text_dense_0030000/recon_time.json
Raw Text Dense,30000,nwm_cdit_b_recon_raw_text_dense_0030000,dreamsim,16s,0.18868020176887512,artifacts/summaries/eval/eval_b_recon_raw_text_dense/nwm_cdit_b_recon_raw_text_dense_0030000/recon_time.json
Raw Text Dense,30000,nwm_cdit_b_recon_raw_text_dense_0030000,fid,1s,27.61505126953125,artifacts/summaries/eval/eval_b_recon_raw_text_dense/nwm_cdit_b_recon_raw_text_dense_0030000/recon_time.json
Raw Text Dense,30000,nwm_cdit_b_recon_raw_text_dense_0030000,fid,2s,27.760986328125,artifacts/summaries/eval/eval_b_recon_raw_text_dense/nwm_cdit_b_recon_raw_text_dense_0030000/recon_time.json
Raw Text Dense,30000,nwm_cdit_b_recon_raw_text_dense_0030000,fid,4s,28.436111450195312,artifacts/summaries/eval/eval_b_recon_raw_text_dense/nwm_cdit_b_recon_raw_text_dense_0030000/recon_time.json
Raw Text Dense,30000,nwm_cdit_b_recon_raw_text_dense_0030000,fid,8s,27.86346435546875,artifacts/summaries/eval/eval_b_recon_raw_text_dense/nwm_cdit_b_recon_raw_text_dense_0030000/recon_time.json
Raw Text Dense,30000,nwm_cdit_b_recon_raw_text_dense_0030000,fid,16s,31.9881591796875,artifacts/summaries/eval/eval_b_recon_raw_text_dense/nwm_cdit_b_recon_raw_text_dense_0030000/recon_time.json
Raw Text Dense,30000,nwm_cdit_b_recon_raw_text_dense_0030000,lpips,1s,0.2777999937534332,artifacts/summaries/eval/eval_b_recon_raw_text_dense/nwm_cdit_b_recon_raw_text_dense_0030000/recon_time.json
Raw Text Dense,30000,nwm_cdit_b_recon_raw_text_dense_0030000,lpips,2s,0.2994529604911804,artifacts/summaries/eval/eval_b_recon_raw_text_dense/nwm_cdit_b_recon_raw_text_dense_0030000/recon_time.json
Raw Text Dense,30000,nwm_cdit_b_recon_raw_text_dense_0030000,lpips,4s,0.3381218910217285,artifacts/summaries/eval/eval_b_recon_raw_text_dense/nwm_cdit_b_recon_raw_text_dense_0030000/recon_time.json
Raw Text Dense,30000,nwm_cdit_b_recon_raw_text_dense_0030000,lpips,8s,0.3658219575881958,artifacts/summaries/eval/eval_b_recon_raw_text_dense/nwm_cdit_b_recon_raw_text_dense_0030000/recon_time.json
Raw Text Dense,30000,nwm_cdit_b_recon_raw_text_dense_0030000,lpips,16s,0.43855586647987366,artifacts/summaries/eval/eval_b_recon_raw_text_dense/nwm_cdit_b_recon_raw_text_dense_0030000/recon_time.json
Raw Text Dense,33000,nwm_cdit_b_recon_raw_text_dense_latest,dreamsim,1s,0.10491535067558289,artifacts/summaries/eval/eval_b_recon_raw_text_dense/nwm_cdit_b_recon_raw_text_dense_latest/recon_time.json
Raw Text Dense,33000,nwm_cdit_b_recon_raw_text_dense_latest,dreamsim,2s,0.11472446471452713,artifacts/summaries/eval/eval_b_recon_raw_text_dense/nwm_cdit_b_recon_raw_text_dense_latest/recon_time.json
Raw Text Dense,33000,nwm_cdit_b_recon_raw_text_dense_latest,dreamsim,4s,0.12477544695138931,artifacts/summaries/eval/eval_b_recon_raw_text_dense/nwm_cdit_b_recon_raw_text_dense_latest/recon_time.json
Raw Text Dense,33000,nwm_cdit_b_recon_raw_text_dense_latest,dreamsim,8s,0.14203862845897675,artifacts/summaries/eval/eval_b_recon_raw_text_dense/nwm_cdit_b_recon_raw_text_dense_latest/recon_time.json
Raw Text Dense,33000,nwm_cdit_b_recon_raw_text_dense_latest,dreamsim,16s,0.1903519481420517,artifacts/summaries/eval/eval_b_recon_raw_text_dense/nwm_cdit_b_recon_raw_text_dense_latest/recon_time.json
Raw Text Dense,33000,nwm_cdit_b_recon_raw_text_dense_latest,fid,1s,26.986083984375,artifacts/summaries/eval/eval_b_recon_raw_text_dense/nwm_cdit_b_recon_raw_text_dense_latest/recon_time.json
Raw Text Dense,33000,nwm_cdit_b_recon_raw_text_dense_latest,fid,2s,27.816390991210938,artifacts/summaries/eval/eval_b_recon_raw_text_dense/nwm_cdit_b_recon_raw_text_dense_latest/recon_time.json
Raw Text Dense,33000,nwm_cdit_b_recon_raw_text_dense_latest,fid,4s,28.230499267578125,artifacts/summaries/eval/eval_b_recon_raw_text_dense/nwm_cdit_b_recon_raw_text_dense_latest/recon_time.json
Raw Text Dense,33000,nwm_cdit_b_recon_raw_text_dense_latest,fid,8s,27.657424926757812,artifacts/summaries/eval/eval_b_recon_raw_text_dense/nwm_cdit_b_recon_raw_text_dense_latest/recon_time.json
Raw Text Dense,33000,nwm_cdit_b_recon_raw_text_dense_latest,fid,16s,31.924835205078125,artifacts/summaries/eval/eval_b_recon_raw_text_dense/nwm_cdit_b_recon_raw_text_dense_latest/recon_time.json
Raw Text Dense,33000,nwm_cdit_b_recon_raw_text_dense_latest,lpips,1s,0.27219223976135254,artifacts/summaries/eval/eval_b_recon_raw_text_dense/nwm_cdit_b_recon_raw_text_dense_latest/recon_time.json
Raw Text Dense,33000,nwm_cdit_b_recon_raw_text_dense_latest,lpips,2s,0.302843302488327,artifacts/summaries/eval/eval_b_recon_raw_text_dense/nwm_cdit_b_recon_raw_text_dense_latest/recon_time.json
Raw Text Dense,33000,nwm_cdit_b_recon_raw_text_dense_latest,lpips,4s,0.33250150084495544,artifacts/summaries/eval/eval_b_recon_raw_text_dense/nwm_cdit_b_recon_raw_text_dense_latest/recon_time.json
Raw Text Dense,33000,nwm_cdit_b_recon_raw_text_dense_latest,lpips,8s,0.36961764097213745,artifacts/summaries/eval/eval_b_recon_raw_text_dense/nwm_cdit_b_recon_raw_text_dense_latest/recon_time.json
Raw Text Dense,33000,nwm_cdit_b_recon_raw_text_dense_latest,lpips,16s,0.4374987781047821,artifacts/summaries/eval/eval_b_recon_raw_text_dense/nwm_cdit_b_recon_raw_text_dense_latest/recon_time.json
